Name,Aired Date,Year of release,Original Network,Aired On,Number of Episodes,Duration,Content Rating,Rating,,Genre,,Director,,,,Rank
Move to Heaven,14-May-21,2021,Netflix,Friday,10,52 min.,18+ Restricted (violence & profanity),9.2,,"Life,  Drama,  Family ",,Kim Sung Ho,,,,#1
Flower of Evil,"Jul 29, 2020 - Sep 23, 2020",2020,tvN," Wednesday, Thursday",16,1 hr. 10 min.,15+ - Teens 15 or older,9.1,,"Thriller,  Romance,  Crime,  Melodrama ",,"Kim Chul Gyu, Yoon Jong Ho",,,,#2
Hospital Playlist,"Mar 12, 2020 - May 28, 2020",2020,"Netflix,  tvN ",Thursday,12,1 hr. 30 min.,15+ - Teens 15 or older,9.1,,"Friendship,  Romance,  Life,  Medical ",,Shin Won Ho,,,,#3
Hospital Playlist 2,"Jun 17, 2021 - Sep 16, 2021",2021,"Netflix,  tvN ",Thursday,12,1 hr. 40 min.,15+ - Teens 15 or older,9.1,,"Friendship,  Romance,  Life,  Medical ",,Shin Won Ho,,,,#4
My Mister,"Mar 21, 2018 - May 17, 2018",2018,tvN," Wednesday, Thursday",16,1 hr. 17 min.,15+ - Teens 15 or older,9.1,,"Psychological,  Life,  Drama,  Family ",,"Kim Won Suk, Kim Sang Woo",,,,#5
Reply 1988,"Nov  6, 2015 - Jan 16, 2016",2015,tvN," Friday, Saturday",20,1 hr. 40 min.,15+ - Teens 15 or older,9.1,,"Comedy,  Romance,  Youth,  Family ",,"Shin Won Ho, Yoo Hak Chan",,,,#6
Weak Hero Class 1,18-Nov-22,2022,Wavve,Friday,8,40 min.,18+ Restricted (violence & profanity),9.1,,"Action, Youth, Drama",,You Su Min,,,,#7
Prison Playbook,"Nov 22, 2017 - Jan 18, 2018",2017,"Netflix,  tvN "," Wednesday, Thursday",16,1 hr. 32 min.,15+ - Teens 15 or older,9.1,,"Comedy,  Crime,  Life,  Drama ",,Shin Won Ho,,,,#8
Alchemy of Souls,"Jun 18, 2022 - Aug 28, 2022",2022,"Netflix, tvN","Saturday, Sunday",20,1 hr. 20 min.,15+ - Teens 15 or older,9,,"Action, Historical, Romance, Fantasy ",,Park Joon Hwa,,,,#9
Extraordinary Attorney Woo,"Jun 29, 2022 - Aug 18, 2022",2022,"ENA, Netflix","Wednesday, Thursday",16,1 hr. 17 min.,15+ - Teens 15 or older,9,,"Law, Romance, Life, Drama ",,Yoo In Shik,,,,#10
Mr. Queen,"Dec 12, 2020 - Feb 14, 2021",2020,tvN," Saturday, Sunday",20,1 hr. 20 min.,15+ - Teens 15 or older,9,,"Historical,  Mystery,  Comedy,  Romance ",,Yoon Sung Shik,,,,#11
Mother,"Jan 24, 2018 - Mar 15, 2018",2018,tvN," Wednesday, Thursday",16,1 hr. 3 min.,15+ - Teens 15 or older,9,,"Thriller,  Mystery,  Psychological,  Melodrama ",,"Kim Chul Gyu, Yoon Hyun Gi",,,,#12
It's Okay to Not Be Okay,"Jun 20, 2020 - Aug  9, 2020",2020,"Netflix,  tvN "," Saturday, Sunday",16,1 hr. 15 min.,15+ - Teens 15 or older,9,,"Psychological,  Comedy,  Romance,  Drama ",,"Park Shin Woo, Jung Dong Yoon",,,,#13
Crash Landing on You,"Dec 14, 2019 - Feb 16, 2020",2019,"Netflix,  tvN "," Sunday, Saturday",16,1 hr. 25 min.,15+ - Teens 15 or older,9,,"Military,  Comedy,  Romance,  Political ",,Lee Jeong Hyo,,,,#14
Vincenzo,"Feb 20, 2021 - May  2, 2021",2021,"Netflix,  tvN "," Saturday, Sunday",20,1 hr. 25 min.,15+ - Teens 15 or older,9,,"Comedy,  Law,  Crime,  Drama ",,Kim Hee Won,,,,#15
Navillera,"Mar 22, 2021 - Apr 27, 2021",2021,"Netflix,  tvN "," Monday, Tuesday",12,1 hr. 5 min.,15+ - Teens 15 or older,9,,"Friendship,  Life,  Drama,  Family ",,Han Dong Hwa,,,,#16
Signal,"Jan 22, 2016 - Mar 12, 2016",2016,tvN," Friday, Saturday",16,1 hr. 15 min.,15+ - Teens 15 or older,9,,"Thriller,  Mystery,  Sci-Fi ",,Kim Won Suk,,,,#17
Mr. Sunshine,"Jul  7, 2018 - Sep 30, 2018",2018,"Netflix,  tvN "," Saturday, Sunday",24,1 hr. 20 min.,15+ - Teens 15 or older,8.9,,"Military,  Historical,  Romance,  Melodrama ",,Lee Eung Bok,,,,#18
Happiness,"Nov  5, 2021 - Dec 11, 2021",2021,tvN," Friday, Saturday",12,1 hr. 5 min.,15+ - Teens 15 or older,8.9,,"Action,  Thriller,  Drama,  Fantasy ",,Ahn Gil Ho,,,,#19
Kingdom: Season 2,13-Mar-20,2020,Netflix,Friday,6,45 min.,18+ Restricted (violence & profanity),8.9,,"Thriller,  Historical,  Horror,  Supernatural ",,"Kim Sung Hoon, Park In Je",,,,#20
SKY Castle,"Nov 23, 2018 - Feb  1, 2019",2018,jTBC," Friday, Saturday",20,1 hr. 15 min.,15+ - Teens 15 or older,8.9,,"Mystery,  Psychological,  Drama,  Family ",,Jo Hyun Taek,,,,#21
Tomorrow,"Apr 1, 2022 - May 21, 2022",2022,"MBC, Netflix","Friday, Saturday",16,60 min.,15+ - Teens 15 or older,8.9,,"Action, Thriller, Drama, Fantasy ",,"Kim Tae Yoon, Sung Chi Wook",,,,#22
Healer,"Dec  8, 2014 - Feb 10, 2015",2014,KBS2," Monday, Tuesday",20,60 min.,15+ - Teens 15 or older,8.9,,"Action,  Thriller,  Mystery,  Romance ",,"Lee Jung Sub, Kim Jin Woo",,,,#23
Stranger,"Jun 10, 2017 - Jul 30, 2017",2017,"Netflix,  tvN "," Saturday, Sunday",16,1 hr. 10 min.,15+ - Teens 15 or older,8.9,,"Thriller,  Mystery,  Law,  Drama ",,Ahn Gil Ho,,,,#24
Twenty-Five Twenty-One,"Feb 12, 2022 - Apr 3, 2022",2022,"Netflix, tvN","Saturday, Sunday",16,1 hr. 15 min.,15+ - Teens 15 or older,8.8,,"Romance, Life, Drama, Melodrama ",,"Jung Ji Hyun, Kim Seung Ho",,,,#25
The Red Sleeve,"Nov 12, 2021 - Jan 1, 2022",2021,"MBC, Viki","Friday, Saturday",17,1 hr. 20 min.,15+ - Teens 15 or older,8.8,,"Historical, Romance, Drama, Melodrama ",,"Jung Ji In, Song Yeon Hwa",,,,#26
Goblin,"Dec  2, 2016 - Jan 21, 2017",2016,tvN," Friday, Saturday",16,1 hr. 22 min.,15+ - Teens 15 or older,8.8,,"Comedy,  Romance,  Fantasy,  Melodrama ",,Lee Eung Bok,,,,#27
The Uncanny Counter,"Nov 28, 2020 - Jan 24, 2021",2020,"Netflix,  OCN "," Saturday, Sunday",16,1 hr. 10 min.,15+ - Teens 15 or older,8.8,,"Action,  Mystery,  Drama,  Supernatural ",,Yoo Seon Dong,,,,#28
Mouse,"Mar  3, 2021 - May 19, 2021",2021,tvN," Wednesday, Thursday",20,1 hr. 15 min.,18+ Restricted (violence & profanity),8.7,,"Thriller,  Mystery,  Sci-Fi ",,"Choi Joon Bae, Kang Cheol Woo",,,,#29
Kingdom,25-Jan-19,2019,Netflix,Friday,6,51 min.,18+ Restricted (violence & profanity),8.8,,"Thriller,  Historical,  Horror,  Political ",,Kim Sung Hoon,,,,#30
Weightlifting Fairy Kim Bok Joo,"Nov 16, 2016 - Jan 11, 2017",2016,MBC," Wednesday, Thursday",16,60 min.,15+ - Teens 15 or older,8.8,,"Comedy,  Romance,  Youth,  Sports ",,"Oh Hyun Jong, Nam Sung Woo",,,,#31
D.P.,27-Aug-21,2021,Netflix,Friday,6,50 min.,15+ - Teens 15 or older,8.8,,"Action,  Military,  Comedy,  Drama ",,Han Jun Hee,,,,#32
The Devil Judge,"Jul  3, 2021 - Aug 22, 2021",2021,tvN," Saturday, Sunday",16,1 hr. 10 min.,15+ - Teens 15 or older,8.8,,"Mystery,  Law,  Crime,  Drama ",,Choi Jung Gyu,,,,#33
The Penthouse,"Oct 26, 2020 - Jan  5, 2021",2020,SBS," Monday, Tuesday",21,1 hr. 25 min.,15+ - Teens 15 or older,8.8,,"Thriller,  Mystery,  Drama,  Family ",,Joo Dong Min,,,,#34
Youth of May,"May  3, 2021 - Jun  8, 2021",2021,KBS2," Monday, Tuesday",12,1 hr. 10 min.,15+ - Teens 15 or older,8.8,,"Historical,  Romance,  Drama,  Melodrama ",,"Song Min Yeop, Lee Dae Kyung",,,,#35
Taxi Driver,"Apr  9, 2021 - May 29, 2021",2021,SBS," Friday, Saturday",16,1 hr. 5 min.,18+ Restricted (violence & profanity),8.8,,"Action,  Thriller,  Mystery,  Drama ",,Park Joon Woo,,,,#36
Life on Mars,"Jun  9, 2018 - Aug  5, 2018",2018,OCN," Saturday, Sunday",16,1 hr. 5 min.,15+ - Teens 15 or older,8.8,,"Action,  Mystery,  Comedy,  Supernatural ",,Lee Jeong Hyo,,,,#37
Beyond Evil,"Feb 19, 2021 - Apr 10, 2021",2021,jTBC," Friday, Saturday",16,1 hr. 5 min.,15+ - Teens 15 or older,8.8,,"Thriller,  Mystery,  Psychological,  Drama ",,Shim Na Yeon,,,,#38
Racket Boys,"May 31, 2021 - Aug  9, 2021",2021,"Netflix,  SBS "," Monday, Tuesday",16,1 hr. 15 min.,15+ - Teens 15 or older,8.8,,"Friendship,  Comedy,  Youth,  Sports ",,Jo Young Kwang,,,,#39
Hometown Cha-Cha-Cha,"Aug 28, 2021 - Oct 17, 2021",2021,"Netflix,  tvN "," Saturday, Sunday",16,1 hr. 20 min.,15+ - Teens 15 or older,8.8,,"Comedy,  Romance,  Life ",,Yoo Je Won,,,,#40
Six Flying Dragons,"Oct  5, 2015 - Mar 22, 2016",2015,SBS," Monday, Tuesday",50,60 min.,15+ - Teens 15 or older,8.8,,"Action,  Historical,  Drama,  Political ",,Shin Kyung Soo,,,,#41
Our Beloved Summer,"Dec 6, 2021 - Jan 25, 2022",2021,"Netflix, SBS","Monday, Tuesday",16,60 min.,15+ - Teens 15 or older,8.7,,"Romance, Life, Youth, Drama ",,Kim Yoon Jin,,,,#42
The Guest,"Sep 12, 2018 - Nov  1, 2018",2018,OCN," Wednesday, Thursday",16,1 hr. 7 min.,18+ Restricted (violence & profanity),8.8,,"Thriller,  Mystery,  Horror,  Supernatural ",,Kim Hong Seon,,,,#43
Dear My Friends,"May 13, 2016 - Jul  2, 2016",2016,tvN," Friday, Saturday",16,1 hr. 10 min.,15+ - Teens 15 or older,8.7,,"Life,  Drama,  Family,  Melodrama ",,Hong Jong Chan,,,,#44
While You Were Sleeping,"Sep 27, 2017 - Nov 16, 2017",2017,SBS," Wednesday, Thursday",32,30 min.,15+ - Teens 15 or older,8.7,,"Mystery,  Romance,  Drama,  Fantasy ",,"Oh Choong Hwan, Park Soo Jin",,,,#45
The Penthouse 2,"Feb 19, 2021 - Apr  2, 2021",2021,SBS," Friday, Saturday",13,1 hr. 15 min.,15+ - Teens 15 or older,8.8,,"Thriller,  Mystery,  Drama,  Family ",,Joo Dong Min,,,,#46
Chicago Typewriter,"Apr  7, 2017 - Jun  3, 2017",2017,tvN," Friday, Saturday",16,1 hr. 10 min.,15+ - Teens 15 or older,8.7,,"Comedy,  Romance,  Supernatural,  Political ",,Kim Chul Gyu,,,,#47
18 Again,"Sep 21, 2020 - Nov 10, 2020",2020,jTBC," Monday, Tuesday",16,1 hr. 10 min.,15+ - Teens 15 or older,8.7,,"Romance,  Life,  Drama,  Fantasy ",,Ha Byung Hoon,,,,#48
Arthdal Chronicles Part 2,"Jun 22, 2019 - Jul  7, 2019",2019,"Netflix,  tvN "," Saturday, Sunday",6,1 hr. 21 min.,15+ - Teens 15 or older,8.7,,"Historical,  Romance,  Fantasy,  Political ",,Kim Won Suk,,,,#49
Arthdal Chronicles Part 3,"Sep  7, 2019 - Sep 22, 2019",2019,"Netflix,  tvN "," Saturday, Sunday",6,1 hr. 20 min.,15+ - Teens 15 or older,8.7,,"Historical,  Romance,  Fantasy,  Political ",,Kim Won Suk,,,,#50
Through the Darkness,"Jan 14, 2022 - Mar 12, 2022",2022,SBS,"Friday, Saturday",12,1 hr. 10 min.,18+ Restricted (violence & profanity),8.7,,"Thriller, Mystery, Crime, Drama ",,"Kim Jae Hong, Park Bo Ram",,,,#51
Dr. Romantic 2,"Jan  6, 2020 - Feb 25, 2020",2020,SBS," Monday, Tuesday",16,1 hr. 10 min.,15+ - Teens 15 or older,8.7,,"Romance,  Drama,  Medical,  Melodrama ",,"Yoo In Shik, Lee Gil Bok",,,,#52
Defendant,"Jan 23, 2017 - Mar 21, 2017",2017,SBS," Monday, Tuesday",18,1 hr. 10 min.,15+ - Teens 15 or older,8.7,,"Thriller,  Mystery,  Law,  Drama ",,"Jo Young Kwang, Jung Dong Yoon",,,,#53
Our Blues,"Apr 9, 2022 - Jun 12, 2022",2022,"Netflix, tvN","Saturday, Sunday",20,1 hr. 10 min.,15+ - Teens 15 or older,8.7,,"Romance, Life, Drama, Melodrama",,"Kim Kyu Tae, Lee Jung Mook",,,,#54
Sweet Home,18-Dec-20,2020,Netflix,Friday,10,52 min.,18+ Restricted (violence & profanity),8.7,,"Horror,  Drama,  Sci-Fi,  Supernatural ",,Lee Eung Bok,,,,#55
"Kill Me, Heal Me","Jan  7, 2015 - Mar 12, 2015",2015,MBC," Wednesday, Thursday",20,1 hr. 2 min.,15+ - Teens 15 or older,8.7,,"Psychological,  Comedy,  Romance,  Drama ",,"Kim Jin Man, Kim Dae Jin",,,,#56
Moon Lovers,"Aug 29, 2016 - Nov  1, 2016",2016,SBS," Monday, Tuesday",20,60 min.,15+ - Teens 15 or older,8.7,,"Historical,  Romance,  Melodrama ",,Kim Kyu Tae,,,,#57
A Business Proposal,"Feb 28, 2022 - Apr 5, 2022",2022,"Netflix, SBS","Monday, Tuesday",12,60 min.,15+ - Teens 15 or older,8.7,,"Comedy, Romance, Drama",,Park Seon Ho,,,,#58
Misaeng,"Oct 17, 2014 - Dec 20, 2014",2014,tvN," Friday, Saturday",20,1 hr. 20 min.,15+ - Teens 15 or older,8.7,,"Friendship,  Business,  Life,  Drama ",,Kim Won Suk,,,,#59
Strong Woman Do Bong Soon,"Feb 24, 2017 - Apr 15, 2017",2017,jTBC," Friday, Saturday",16,1 hr. 7 min.,15+ - Teens 15 or older,8.7,,"Action,  Thriller,  Comedy,  Romance,  Drama,  Supernatural ",,Lee Hyung Min,,,,#60
The Fiery Priest,"Feb 15, 2019 - Apr 20, 2019",2019,SBS," Friday, Saturday",40,35 min.,15+ - Teens 15 or older,8.7,,"Action,  Mystery,  Comedy,  Crime ",,Lee Myung Woo,,,,#61
My Name,15-Oct-21,2021,Netflix,Friday,8,50 min.,18+ Restricted (violence & profanity),8.7,,"Action,  Thriller,  Crime ",,Kim Jin Min,,,,#62
Hotel del Luna,"Jul 13, 2019 - Sep  1, 2019",2019,tvN," Saturday, Sunday",16,1 hr. 20 min.,15+ - Teens 15 or older,8.7,,"Horror,  Comedy,  Romance,  Fantasy ",,Oh Choong Hwan,,,,#63
Hot Stove League,"Dec 13, 2019 - Feb 14, 2020",2019,SBS," Friday, Saturday",16,1 hr. 2 min.,15+ - Teens 15 or older,8.7,,"Drama,  Sports,  Melodrama ",,Jung Dong Yoon,,,,#64
Dr. Romantic,"Nov  7, 2016 - Jan 16, 2017",2016,SBS," Monday, Tuesday",20,60 min.,15+ - Teens 15 or older,8.7,,"Romance,  Drama,  Medical ",,"Yoo In Shik, Park Soo Jin",,,,#65
Descendants of the Sun,"Feb 24, 2016 - Apr 14, 2016",2016,KBS2," Wednesday, Thursday",16,60 min.,15+ - Teens 15 or older,8.7,,"Action,  Comedy,  Romance,  Melodrama ",,"Baek Sang Hoon, Lee Eung Bok",,,,#66
Law School,"Apr 14, 2021 - Jun  9, 2021",2021,"jTBC,  Netflix "," Wednesday, Thursday",16,1 hr. 5 min.,15+ - Teens 15 or older,8.7,,"Mystery,  Law,  Crime,  Drama ",,Kim Seok Yoon,,,,#67
Strangers from Hell,"Aug 31, 2019 - Oct  6, 2019",2019,OCN," Saturday, Sunday",10,60 min.,15+ - Teens 15 or older,8.7,,"Thriller,  Horror,  Psychological,  Drama ",,Lee Chang Hee,,,,#68
Live,"Mar 10, 2018 - May  6, 2018",2018,"Netflix,  tvN "," Saturday, Sunday",18,1 hr. 15 min.,15+ - Teens 15 or older,8.7,,"Friendship,  Comedy,  Romance,  Crime ",,"Kim Kyu Tae, Myung Hyun Woo",,,,#69
Tunnel,"Mar 25, 2017 - May 21, 2017",2017,OCN," Saturday, Sunday",16,60 min.,15+ - Teens 15 or older,8.7,,"Thriller,  Mystery,  Sci-Fi,  Fantasy ",,"Nam Ki Hoon, Shin Yong Hwi",,,,#70
My Liberation Notes,"Apr 9, 2022 - May 29, 2022",2022,"jTBC, Netflix","Saturday, Sunday",16,1 hr. 7 min.,15+ - Teens 15 or older,8.6,,"Romance, Life, Drama, Melodrama",,Kim Seok Yoon,,,,#71
Partners for Justice 2,"Jun  3, 2019 - Jul 29, 2019",2019,MBC," Monday, Tuesday",32,35 min.,15+ - Teens 15 or older,8.6,,"Mystery,  Law,  Drama,  Medical ",,"Noh Do Cheol, Han Jin Sun",,,,#72
Jewel in the Palace,"Sep 15, 2003 - Mar 23, 2004",2003,MBC," Monday, Tuesday",54,1 hr. 5 min.,13+ - Teens 13 or older,8.6,,"Food,  Historical,  Romance,  Medical ",,Lee Byung Hoon,,,,#73
"It's Okay, That's Love","Jul 23, 2014 - Sep 11, 2014",2014,SBS," Wednesday, Thursday",16,60 min.,15+ - Teens 15 or older,8.6,,"Psychological,  Comedy,  Romance,  Drama ",,Kim Kyu Tae,,,,#74
Little Women,"Sep 3, 2022 - Oct 9, 2022",2022,"Netflix, tvN","Saturday, Sunday",12,1 hr. 15 min.,15+ - Teens 15 or older,8.6,,"Action, Thriller, Mystery, Drama",,Kim Hee Won,,,,#75
Ghost Doctor,"Jan 3, 2022 - Feb 22, 2022",2022,tvN,"Monday, Tuesday",16,1 hr. 10 min.,15+ - Teens 15 or older,8.6,,"Comedy, Medical, Fantasy, Supernatural",,Boo Sung Chul,,,,#76
Eulachacha Waikiki,"Feb  5, 2018 - Apr 17, 2018",2018,jTBC," Monday, Tuesday",20,1 hr. 5 min.,15+ - Teens 15 or older,8.6,,"Comedy,  Life,  Youth,  Drama ",,Lee Chang Min,,,,#77
The Bridal Mask,"May 30, 2012 - Sep  6, 2012",2012,KBS2," Wednesday, Thursday",28,1 hr. 5 min.,15+ - Teens 15 or older,8.6,,"Action,  Historical,  Romance,  Political ",,"Yoon Sung Shik, Cha Young Hoon",,,,#78
Children of Nobody,"Nov 21, 2018 - Jan 16, 2019",2018,MBC," Wednesday, Thursday",32,30 min.,15+ - Teens 15 or older,8.6,,"Thriller,  Mystery,  Psychological,  Crime,  Drama ",,Choi Jung Gyu,,,,#79
Good Manager,"Jan 25, 2017 - Mar 30, 2017",2017,KBS2," Wednesday, Thursday",20,60 min.,15+ - Teens 15 or older,8.6,,"Business,  Comedy,  Crime,  Drama ",,"Lee Jae Hoon, Choi Yoon Seok",,,,#80
The King of Pigs,"Mar 18, 2022 - Apr 22, 2022",2022,tvN,Friday,12,55 min.,18+ Restricted (violence & profanity),8.6,,"Thriller, Mystery, Drama",,Kim Dae Jin,,,,#81
Big Mouth,"Jul 29, 2022 - Sep 17, 2022",2022,"Hulu, MBC","Friday, Saturday",16,1 hr. 11 min.,15+ - Teens 15 or older,8.6,,"Thriller, Mystery, Law, Drama",,"Oh Choong Hwan, Bae Hyun Jin",,,,#82
Go Back Couple,"Oct 13, 2017 - Nov 18, 2017",2017,KBS2," Friday, Saturday",12,1 hr. 10 min.,15+ - Teens 15 or older,8.6,,"Comedy,  Romance,  Life,  School,  Drama,  Family,  Supernatural ",,Ha Byung Hoon,,,,#83
Empress Ki,"Oct 28, 2013 - Apr 29, 2014",2013,MBC," Monday, Tuesday",51,1 hr. 5 min.,15+ - Teens 15 or older,8.6,,"Historical,  Romance,  Melodrama,  Political ",,"Han Hee, Lee Sung Joon",,,,#84
My Father is Strange,"Mar  4, 2017 - Aug 27, 2017",2017,KBS2," Saturday, Sunday",52,1 hr. 6 min.,15+ - Teens 15 or older,8.6,,"Comedy,  Romance,  Drama,  Family ",,Lee Jae Sang,,,,#85
Once Again,"Mar 28, 2020 - Sep 13, 2020",2020,KBS2," Saturday, Sunday",100,35 min.,15+ - Teens 15 or older,8.6,,"Comedy,  Romance,  Drama,  Family ",,Lee Jae Sang,,,,#86
Missing,"Aug 29, 2020 - Oct 11, 2020",2020,OCN," Saturday, Sunday",12,1 hr. 10 min.,15+ - Teens 15 or older,8.6,,"Thriller,  Mystery,  Supernatural ",,Min Yeon Hong,,,,#87
Stranger 2,"Aug 15, 2020 - Oct  4, 2020",2020,"Netflix,  tvN "," Saturday, Sunday",16,1 hr. 2 min.,15+ - Teens 15 or older,8.6,,"Thriller,  Mystery,  Law,  Drama ",,Park Hyun Suk,,,,#88
Designated Survivor,"Jul  1, 2019 - Aug 20, 2019",2019,"Netflix,  tvN "," Monday, Tuesday",16,1 hr. 10 min.,15+ - Teens 15 or older,8.6,,"Thriller,  Mystery,  Drama,  Political ",,Yoo Jong Sun,,,,#89
Juvenile Justice,25-Feb-22,2022,Netflix,Friday,10,1 hr. 2 min.,18+ Restricted (violence & profanity),8.6,,"Law, Drama",,Hong Jong Chan,,,,#90
Cruel City,"May 27, 2013 - Jul 30, 2013",2013,jTBC," Monday, Tuesday",20,60 min.,15+ - Teens 15 or older,8.6,,"Action,  Thriller,  Romance,  Crime ",,Lee Jeong Hyo,,,,#91
My Love from the Star,"Dec 18, 2013 - Feb 27, 2014",2013,SBS," Wednesday, Thursday",21,58 min.,15+ - Teens 15 or older,8.6,,"Comedy,  Romance,  Drama,  Supernatural ",,"Oh Choong Hwan, Jang Tae Yoo",,,,#92
Mystic Pop-Up Bar,"May 20, 2020 - Jun 25, 2020",2020,"jTBC,  Netflix "," Wednesday, Thursday",12,1 hr. 8 min.,15+ - Teens 15 or older,8.6,,"Mystery,  Comedy,  Family,  Fantasy ",,Jun Chang Geun,,,,#93
Age of Youth,"Jul 22, 2016 - Aug 27, 2016",2016,jTBC," Friday, Saturday",12,60 min.,15+ - Teens 15 or older,8.6,,"Friendship,  Romance,  Life,  Youth ",,Lee Tae Gon,,,,#94
Just Between Lovers,"Dec 11, 2017 - Jan 30, 2018",2017,jTBC," Monday, Tuesday",16,1 hr. 13 min.,15+ - Teens 15 or older,8.6,,"Psychological,  Romance,  Melodrama ",,Kim Jin Won,,,,#95
Save Me,"Aug  5, 2017 - Sep 24, 2017",2017,OCN," Saturday, Sunday",16,60 min.,15+ - Teens 15 or older,8.6,,"Action,  Thriller,  Mystery,  Drama ",,Kim Sung Soo,,,,#96
Bad and Crazy,"Dec 17, 2021 - Jan 28, 2022",2021,"iQiyi, tvN","Friday, Saturday",12,1 hr. 10 min.,15+ - Teens 15 or older,8.6,,"Action, Thriller, Mystery, Comedy",,Yoo Seon Dong,,,,#97
365,"Mar 23, 2020 - Apr 28, 2020",2020,MBC," Monday, Tuesday",24,35 min.,15+ - Teens 15 or older,8.6,,"Thriller,  Mystery,  Drama,  Fantasy ",,Kim Kyung Hee,,,,#98
The Master's Sun,"Aug  7, 2013 - Oct  3, 2013",2013,SBS," Wednesday, Thursday",17,1 hr. 2 min.,15+ - Teens 15 or older,8.6,,"Horror,  Comedy,  Romance,  Supernatural ",,Jin Hyeok,,,,#99
Avengers Social Club,"Oct 11, 2017 - Nov 16, 2017",2017,tvN," Wednesday, Thursday",12,60 min.,15+ - Teens 15 or older,8.6,,"Friendship,  Comedy,  Life,  Drama ",,"Kwon Seok Jang, Kim Sang Ho",,,,#100
Rebel,"Jan 30, 2017 - May 16, 2017",2017,MBC," Monday, Tuesday",30,60 min.,15+ - Teens 15 or older,8.5,,"Action,  Thriller,  Historical,  Romance ",,Kim Jin Man,,,,#101
Nobody Knows,"Mar  2, 2020 - Apr 21, 2020",2020,SBS," Monday, Tuesday",16,1 hr. 10 min.,15+ - Teens 15 or older,8.5,,"Thriller,  Mystery,  Drama,  Melodrama ",,Lee Jung Heum,,,,#102
Bad Guys,"Oct  4, 2014 - Dec 13, 2014",2014,OCN,Saturday,11,1 hr. 5 min.,18+ Restricted (violence & profanity),8.5,,"Action,  Thriller,  Psychological,  Crime ",,"Shin Yong Hwi, Kim Jung Min",,,,#103
Beautiful World,"Apr  5, 2019 - May 25, 2019",2019,"jTBC,  Viki "," Friday, Saturday",16,60 min.,15+ - Teens 15 or older,8.5,,"Life,  School,  Family,  Melodrama ",,Park Chan Hong,,,,#104
Arthdal Chronicles Part 1,"Jun  1, 2019 - Jun 16, 2019",2019,"Netflix,  tvN "," Saturday, Sunday",6,1 hr. 20 min.,15+ - Teens 15 or older,8.5,,"Historical,  Romance,  Fantasy,  Political ",,Kim Won Suk,,,,#105
Kairos,"Oct 26, 2020 - Dec 22, 2020",2020,MBC," Monday, Tuesday",16,1 hr. 10 min.,15+ - Teens 15 or older,8.5,,"Action,  Thriller,  Drama,  Sci-Fi ",,"Park Seung Woo, Sung Chi Wook",,,,#106
I Hear Your Voice,"Jun  5, 2013 - Aug  1, 2013",2013,SBS," Wednesday, Thursday",18,60 min.,15+ - Teens 15 or older,8.5,,"Mystery,  Law,  Romance,  Supernatural ",,Jo Soo Won,,,,#107
What's Wrong with Secretary Kim,"Jun  6, 2018 - Jul 26, 2018",2018,tvN," Wednesday, Thursday",16,1 hr. 9 min.,15+ - Teens 15 or older,8.5,,"Friendship,  Business,  Comedy,  Romance ",,Park Joon Hwa,,,,#108
Vagabond,"Sep 20, 2019 - Nov 23, 2019",2019,"Netflix,  SBS "," Friday, Saturday",16,1 hr. 10 min.,15+ - Teens 15 or older,8.5,,"Action,  Thriller,  Mystery,  Crime ",,Yoo In Shik,,,,#109
One Ordinary Day,"Nov 27, 2021 - Dec 19, 2021",2021,ViuTV,"Saturday, Sunday",8,1 hr. 10 min.,18+ Restricted (violence & profanity),8.5,,"Thriller, Mystery, Law, Crime",,Lee Myung Woo,,,,#110
Reply 1997,"Jul 24, 2012 - Sep 18, 2012",2012,tvN,Tuesday,16,60 min.,15+ - Teens 15 or older,8.5,,"Comedy,  Romance,  Life,  Family ",,Shin Won Ho,,,,#111
Doctor John,"Jul 19, 2019 - Sep  7, 2019",2019,SBS," Friday, Saturday",32,35 min.,15+ - Teens 15 or older,8.5,,"Mystery,  Romance,  Life,  Medical ",,Jo Soo Won,,,,#112
"Hi Bye, Mama!","Feb 22, 2020 - Apr 19, 2020",2020,"Netflix, tvN","Saturday, Sunday",16,1 hr. 10 min.,15+ - Teens 15 or older,8.5,,"Romance, Drama, Melodrama, Supernatural",,Yoo Je Won,,,,#113
Voice,"Jan 14, 2017 - Mar 12, 2017",2017,OCN,"Saturday, Sunday",16,60 min.,15+ - Teens 15 or older,8.5,,"Thriller, Mystery, Psychological",,Kim Hong Seon,,,,#114
Fight For My Way,"May 22, 2017 - Jul 11, 2017",2017,KBS2," Monday, Tuesday",16,60 min.,15+ - Teens 15 or older,8.5,,"Business,  Comedy,  Romance,  Sports ",,"Lee Na Jung, Kim Dong Hwi",,,,#115
Squid Game,17-Sep-21,2021,Netflix,Friday,9,60 min.,18+ Restricted (violence & profanity),8.5,,"Action,  Thriller,  Mystery,  Drama ",,Hwang Dong Hyuk,,,,#116
W,"Jul 20, 2016 - Sep 14, 2016",2016,MBC,"Wednesday, Thursday",16,60 min.,15+ - Teens 15 or older,8.5,,"Thriller, Comedy, Romance, Fantasy",,Jeong Dae Yun,,,,#117
Queen Seon Duk,"May 25, 2009 - Dec 22, 2009",2009,MBC,"Monday, Tuesday",62,1 hr. 5 min.,15+ - Teens 15 or older,8.5,,"Historical, Romance, Drama, Political",,"Park Hong Kyun, Kim Keun Hong",,,,#118
Mad for Each Other,"May 24, 2021 - Jun 21, 2021",2021,"Daum Kakao TV, Netflix","Monday, Tuesday, Wednesday",13,35 min.,15+ - Teens 15 or older,8.5,,"Comedy, Romance, Drama",,Lee Tae Gon,,,,#119
Dali and the Cocky Prince,"Sep 22, 2021 - Nov 11, 2021",2021,KBS2," Wednesday, Thursday",16,1 hr. 5 min.,15+ - Teens 15 or older,8.5,,"Comedy,  Romance,  Drama ",,Lee Jung Sub,,,,#120
Thirty But Seventeen,"Jul 23, 2018 - Sep 18, 2018",2018,SBS,"Monday, Tuesday",32,35 min.,15+ - Teens 15 or older,8.5,,"Music, Mystery, Comedy, Romance",,Jo Soo Won,,,,#121
When the Camellia Blooms,"Sep 18, 2019 - Nov 21, 2019",2019,"KBS2,  Netflix "," Wednesday, Thursday",40,35 min.,15+ - Teens 15 or older,8.5,,"Thriller,  Comedy,  Romance,  Drama,  Family ",,"Kang Min Kyung, Cha Young Hoon",,,,#122
Be Melodramatic,"Aug 9, 2019 - Sep 28, 2019",2019,"jTBC, Viki","Friday, Saturday",16,1 hr. 5 min.,15+ - Teens 15 or older,8.5,,"Comedy, Romance, Life, Melodrama",,Kim Hye Young,,,,#123
Itaewon Class,"Jan 31, 2020 - Mar 21, 2020",2020,"jTBC, Netflix","Friday, Saturday",16,1 hr. 10 min.,15+ - Teens 15 or older,8.5,,"Business, Romance, Life, Drama",,"Kang Min Gu, Kim Seong Yoon",,,,#124
Snowdrop,"Dec 18, 2021 - Jan 30, 2022",2021,jTBC,"Saturday, Sunday",16,1 hr. 30 min.,15+ - Teens 15 or older,8.5,,"Romance, Drama, Melodrama, Political",,Jo Hyun Taek,,,,#125
Circle,"May 22, 2017 - Jun 27, 2017",2017,tvN,"Monday, Tuesday",12,1 hr. 5 min.,15+ - Teens 15 or older,8.5,,"Thriller, Mystery, Sci-Fi",,"Min Jin Gi, Jung Hyun Nam",,,,#126
Because This Is My First Life,"Oct  9, 2017 - Nov 28, 2017",2017,tvN," Monday, Tuesday",16,1 hr. 10 min.,15+ - Teens 15 or older,8.5,,"Comedy,  Romance,  Life,  Drama ",,"Park Joon Hwa, Nam Sung Woo",,,,#127
The Princess's Man,"Jul 20, 2011 - Oct 6, 2011",2011,KBS2,"Wednesday, Thursday",24,1 hr. 5 min.,15+ - Teens 15 or older,8.5,,"Action, Historical, Romance, Political",,"Park Hyun Suk, Kim Jung Min, Kim Jung Min",,,,#128
Blind,"Sep 16, 2022 - Nov 5, 2022",2022,"OCN, tvN","Friday, Saturday",16,1 hr. 10 min.,15+ - Teens 15 or older,8.5,,"Thriller, Mystery, Drama",,Shin Yong Hwi,,,,#129
Two Weeks,"Aug 7, 2013 - Sep 26, 2013",2013,MBC,"Wednesday, Thursday",16,1 hr. 8 min.,15+ - Teens 15 or older,8.5,,"Action, Thriller, Mystery, Drama",,"Song Hyung Suk, Choi Jung Gyu",,,,#130
"Work Later, Drink Now","Oct 22, 2021 - Nov 26, 2021",2021,tvN,Friday,12,35 min.,18+ Restricted (violence & profanity),8.5,,"Comedy, Life, Drama",,Kim Jung Shik,,,,#131
Dong Yi,"Mar 22, 2010 - Oct 12, 2010",2010,MBC,"Monday, Tuesday",60,1 hr. 5 min.,15+ - Teens 15 or older,8.5,,"Adventure, Historical, Mystery, Romance",,"Kim Sang Hyub, Lee Byung Hoon",,,,#132
Gaus Electronics,"Sep 30, 2022 - Nov 5, 2022",2022,"ENA, Olleh TV","Friday, Saturday",12,50 min.,15+ - Teens 15 or older,8.5,,"Business, Comedy, Romance, Life",,Park Joon Soo,,,,#133
Angel's Last Mission: Love,"May 22, 2019 - Jul 11, 2019",2019,KBS2,"Wednesday, Thursday",32,35 min.,15+ - Teens 15 or older,8.5,,"Comedy, Romance, Drama, Fantasy",,Lee Jung Sub,,,,#134
The World of the Married,"Mar 27, 2020 - May 16, 2020",2020,jTBC,"Friday, Saturday",16,1 hr. 20 min.,18+ Restricted (violence & profanity),8.5,,"Thriller, Romance, Drama, Melodrama",,Mo Wan Il,,,,#135
All of Us Are Dead,28-Jan-22,2022,Netflix,Friday,12,1 hr. 2 min.,18+ Restricted (violence & profanity),8.5,,"Action, Thriller, Horror, Sci-Fi",,Lee Jae Gyoo,,,,#136
Extracurricular,29-Apr-20,2020,Netflix,Wednesday,10,55 min.,18+ Restricted (violence & profanity),8.5,,"Psychological, Crime, Youth, Drama",,Kim Jin Min,,,,#137
Yumi's Cells,"Sep 17, 2021 - Oct 30, 2021",2021,tvN," Friday, Saturday",14,1 hr. 10 min.,13+ - Teens 13 or older,8.5,,"Psychological,  Comedy,  Romance,  Drama ",,Lee Sang Yeob,,,,#138
Lost,"Sep 4, 2021 - Oct 24, 2021",2021,"iQiyi, jTBC","Saturday, Sunday",16,1 hr. 10 min.,15+ - Teens 15 or older,8.4,,"Life, Drama, Melodrama",,"Hur Jin Ho, Park Hong Soo",,,,#139
Queen In Hyun's Man,"Apr 18, 2012 - Jun 7, 2012",2012,tvN,"Wednesday, Thursday",16,45 min.,15+ - Teens 15 or older,8.4,,"Historical, Comedy, Romance, Fantasy",,Kim Byung Soo,,,,#140
One Dollar Lawyer,"Sep 23, 2022 - Nov 11, 2022",2022,SBS,"Friday, Saturday",12,1 hr. 10 min.,,8.4,,"Comedy, Law, Drama",,Kim Jae Hyun,,,,#141
If You Wish Upon Me,"Aug 10, 2022 - Sep 29, 2022",2022,"KBS2, ViuTV","Wednesday, Thursday",16,1 hr. 10 min.,15+ - Teens 15 or older,8.4,,"Romance, Life, Drama, Medical",,Kim Yong Wan,,,,#142
I'm Not a Robot,"Dec 6, 2017 - Jan 25, 2018",2017,MBC,"Wednesday, Thursday",32,35 min.,15+ - Teens 15 or older,8.4,,"Comedy, Romance, Drama, Sci-Fi",,Jeong Dae Yun,,,,#143
Memorist,"Mar 11, 2020 - Apr 30, 2020",2020,tvN,"Wednesday, Thursday",16,1 hr. 5 min.,15+ - Teens 15 or older,8.4,,"Action, Thriller, Mystery, Supernatural",,"So Jae Hyun, Kim Hwi",,,,#144
Voice 2,"Aug 11, 2018 - Sep 16, 2018",2018,OCN,"Saturday, Sunday",12,60 min.,15+ - Teens 15 or older,8.4,,"Thriller, Mystery, Psychological",,Lee Seung Young,,,,#145
Doom at Your Service,"May 10, 2021 - Jun 29, 2021",2021,"tvN, ViuTV","Monday, Tuesday",16,1 hr. 5 min.,15+ - Teens 15 or older,8.4,,"Comedy, Romance, Drama, Fantasy",,Kwon Young Il,,,,#146
Duel,"Jun 3, 2017 - Jul 23, 2017",2017,OCN,"Saturday, Sunday",16,1 hr. 3 min.,,8.4,,"Thriller, Mystery, Sci-Fi",,Lee Jong Jae,,,,#147
Search: WWW,"Jun 5, 2019 - Jul 25, 2019",2019,tvN,"Wednesday, Thursday",16,1 hr. 10 min.,15+ - Teens 15 or older,8.4,,"Business, Comedy, Romance, Drama",,"Jung Ji Hyun, Kwon Young Il",,,,#148
"From Now On, Showtime!","Apr 23, 2022 - Jun 12, 2022",2022,"MBC, ViuTV","Saturday, Sunday",16,1 hr. 13 min.,15+ - Teens 15 or older,8.4,,"Mystery, Comedy, Romance, Fantasy",,Lee Hyung Min,,,,#149
Hello Monster,"Jun 22, 2015 - Aug 11, 2015",2015,KBS2,"Monday, Tuesday",16,1 hr. 10 min.,15+ - Teens 15 or older,8.4,,"Thriller, Mystery, Psychological, Drama",,"Kim Jin Won, No Sang Hoon",,,,#150
Moon Embracing the Sun,"Jan 4, 2012 - Mar 15, 2012",2012,MBC,"Wednesday, Thursday",20,1 hr. 5 min.,15+ - Teens 15 or older,8.4,,"Historical, Romance, Supernatural, Political",,"Lee Sung Joon, Kim Do Hoon",,,,#151
Train,"Jul 11, 2020 - Aug 16, 2020",2020,OCN,"Saturday, Sunday",12,60 min.,15+ - Teens 15 or older,8.4,,"Thriller, Mystery, Sci-Fi",,Lee Seung Hoon,,,,#152
Sh**ting Stars,"Apr 22, 2022 - Jun 11, 2022",2022,tvN,"Friday, Saturday",16,60 min.,15+ - Teens 15 or older,8.4,,"Comedy, Romance, Drama",,Lee Soo Hyun,,,,#153
The Crowned Clown,"Jan 7, 2019 - Mar 4, 2019",2019,tvN,"Monday, Tuesday",16,1 hr. 20 min.,15+ - Teens 15 or older,8.4,,"Historical, Romance, Melodrama, Political",,Kim Hee Won,,,,#154
Mad Dog,"Oct 11, 2017 - Nov 30, 2017",2017,KBS2,"Wednesday, Thursday",16,60 min.,15+ - Teens 15 or older,8.4,,"Action, Thriller, Mystery",,Hwang Eui Kyung,,,,#155
Birthcare Center,"Nov 2, 2020 - Nov 24, 2020",2020,tvN,"Monday, Tuesday",8,1 hr. 5 min.,15+ - Teens 15 or older,8.4,,"Comedy, Life, Drama, Melodrama",,Park Soo Won,,,,#156
Nine: Nine Times Time Travel,"Mar 11, 2013 - May 14, 2013",2013,tvN,"Monday, Tuesday",20,52 min.,15+ - Teens 15 or older,8.4,,"Mystery, Romance, Supernatural",,Kim Byung Soo,,,,#157
Extraordinary You,"Oct 2, 2019 - Nov 21, 2019",2019,MBC,"Wednesday, Thursday",32,35 min.,13+ - Teens 13 or older,8.4,,"Comedy, Romance, Youth, Fantasy",,"Kim Sang Hyub, Kim Sang Woo",,,,#158
Pinocchio,"Nov 12, 2014 - Jan 15, 2015",2014,SBS,"Wednesday, Thursday",20,58 min.,15+ - Teens 15 or older,8.4,,"Thriller, Mystery, Comedy, Romance",,Jo Soo Won,,,,#159
Doctor Prisoner,"Mar 20, 2019 - May 15, 2019",2019,KBS2,"Wednesday, Thursday",32,35 min.,15+ - Teens 15 or older,8.4,,"Thriller, Law, Crime, Medical",,"Song Min Yeop, Hwang In Hyuk",,,,#160
Love All Play,"Apr 20, 2022 - Jun 9, 2022",2022,KBS2,"Wednesday, Thursday",16,1 hr. 10 min.,15+ - Teens 15 or older,8.4,,"Romance, Drama, Sports, Melodrama",,Jo Woong,,,,#161
My Unfamiliar Family,"Jun 1, 2020 - Jul 21, 2020",2020,tvN,"Monday, Tuesday",16,1 hr. 15 min.,15+ - Teens 15 or older,8.4,,"Life, Drama",,Kwon Young Il,,,,#162
Her Private Life,"Apr 10, 2019 - May 30, 2019",2019,tvN,"Wednesday, Thursday",16,1 hr. 15 min.,15+ - Teens 15 or older,8.4,,"Business, Comedy, Romance, Drama",,Hong Jong Chan,,,,#163
Age of Youth 2,"Aug 25, 2017 - Oct 7, 2017",2017,jTBC,"Friday, Saturday",14,60 min.,15+ - Teens 15 or older,8.4,,"Mystery, Comedy, Romance, Life",,"Lee Tae Gon, Kim Sang Ho",,,,#164
Secret,"Sep 25, 2013 - Nov 14, 2013",2013,KBS2,"Wednesday, Thursday",16,1 hr. 2 min.,15+ - Teens 15 or older,8.4,,"Romance, Drama, Melodrama",,"Baek Sang Hoon, Lee Eung Bok",,,,#165
Military Prosecutor Doberman,"Feb 28, 2022 - Apr 26, 2022",2022,tvN,"Monday, Tuesday",16,1 hr. 5 min.,15+ - Teens 15 or older,8.4,,"Action, Military, Mystery, Law",,Jin Chang Gyu,,,,#166
Pachinko,"Mar 25, 2022 - Apr 29, 2022",2022,Apple TV+,Friday,8,54 min.,15+ - Teens 15 or older,8.4,,"Historical, Romance, Drama, Melodrama",,"Kogonada, Justin Chon",,,,#167
My Roommate Is a Gumiho,"May 26, 2021 - Jul 15, 2021",2021,"iQiyi, tvN","Wednesday, Thursday",16,1 hr. 10 min.,15+ - Teens 15 or older,8.4,,"Comedy, Romance, Fantasy",,Nam Sung Woo,,,,#168
Yumi's Cells 2,"Jun 10, 2022 - Jul 22, 2022",2022,tvN,Friday,14,1 hr. 5 min.,15+ - Teens 15 or older,8.4,,"Comedy, Romance, Life",,Lee Sang Yeob,,,,#169
My Country: The New Age,"Oct 4, 2019 - Nov 23, 2019",2019,"jTBC, Netflix","Friday, Saturday",16,1 hr. 20 min.,15+ - Teens 15 or older,8.4,,"Action, Historical, Romance, Drama",,Kim Jin Won,,,,#170
Sell Your Haunted House,"Apr 14, 2021 - Jun 9, 2021",2021,KBS2,"Wednesday, Thursday",16,1 hr. 10 min.,15+ - Teens 15 or older,8.4,,"Thriller, Mystery, Comedy, Fantasy",,Park Jin Suk,,,,#171
Player,"Sep 29, 2018 - Nov 11, 2018",2018,OCN,"Saturday, Sunday",14,1 hr. 5 min.,,8.4,,"Action, Thriller, Mystery, Comedy",,Go Jae Hyun,,,,#172
The Legend of the Blue Sea,"Nov 16, 2016 - Jan 25, 2017",2016,SBS,"Wednesday, Thursday",20,60 min.,15+ - Teens 15 or older,8.4,,"Comedy, Romance, Drama, Fantasy",,Jin Hyeok,,,,#173
Come and Hug Me,"May 16, 2018 - Jul 19, 2018",2018,MBC,"Wednesday, Thursday",32,35 min.,15+ - Teens 15 or older,8.4,,"Thriller, Mystery, Romance, Melodrama",,Choi Joon Bae,,,,#174
Partners for Justice,"May 14, 2018 - Jul 17, 2018",2018,MBC,"Monday, Tuesday",32,35 min.,15+ - Teens 15 or older,8.4,,"Thriller, Mystery, Law, Medical",,Noh Do Cheol,,,,#175
Seasons of Blossom,"Sep 21, 2022 - Nov 2, 2022",2022,Wavve,Wednesday,16,25 min.,13+ - Teens 13 or older,8.4,,"Comedy, Romance, Youth, Drama",,Wang Hye Ryung,,,,#176
The Tale of Nokdu,"Sep 30, 2019 - Nov 25, 2019",2019,KBS2,"Monday, Tuesday",32,33 min.,15+ - Teens 15 or older,8.4,,"Action, Historical, Comedy, Romance",,"Kim Dong Hwi, Lee Hyun Jin, Kang Soo Yeon",,,,#177
Psychopath Diary,"Nov 20, 2019 - Jan 9, 2020",2019,tvN,"Wednesday, Thursday",16,1 hr. 20 min.,15+ - Teens 15 or older,8.4,,"Thriller, Mystery, Comedy, Crime",,Lee Jong Jae,,,,#178
The Beauty Inside,"Oct 1, 2018 - Nov 20, 2018",2018,jTBC,"Monday, Tuesday",16,1 hr. 10 min.,15+ - Teens 15 or older,8.4,,"Comedy, Romance, Melodrama, Supernatural",,Song Hyun Wook,,,,#179
Tale of the Nine-Tailed,"Oct 7, 2020 - Dec 3, 2020",2020,tvN,"Wednesday, Thursday",16,1 hr. 10 min.,15+ - Teens 15 or older,8.4,,"Thriller, Horror, Romance, Fantasy",,"Kang Shin Hyo, Jo Nam Hyung",,,,#180
The Good Detective,"Jul 6, 2020 - Aug 25, 2020",2020,jTBC,"Monday, Tuesday",16,1 hr. 10 min.,15+ - Teens 15 or older,8.4,,"Action, Thriller, Mystery, Drama",,Jo Nam Gook,,,,#181
He Is Psychometric,"Mar 11, 2019 - Apr 30, 2019",2019,tvN,"Monday, Tuesday",16,1 hr. 4 min.,15+ - Teens 15 or older,8.4,,"Thriller, Mystery, Romance, Supernatural",,Kim Byung Soo,,,,#182
One Spring Night,"May 22, 2019 - Jul 11, 2019",2019,"MBC, Netflix","Wednesday, Thursday",32,35 min.,15+ - Teens 15 or older,8.4,,"Romance, Life, Drama, Melodrama",,Ahn Pan Seok,,,,#183
Soundtrack #1,"Mar 23, 2022 - Apr 13, 2022",2022,Disney+,Wednesday,4,44 min.,13+ - Teens 13 or older,8.4,,"Music, Romance",,Kim Hee Won,,,,#184
City Hunter,"May 25, 2011 - Jul 28, 2011",2011,SBS,"Wednesday, Thursday",20,1 hr. 10 min.,15+ - Teens 15 or older,8.4,,"Action, Thriller, Crime",,Jin Hyeok,,,,#185
Class of Lies,"Jul 17, 2019 - Sep 5, 2019",2019,OCN,"Wednesday, Thursday",16,1 hr. 10 min.,15+ - Teens 15 or older,8.3,,"Thriller, Mystery, Law, Youth",,"Sung Yong Il, Park Ji Hyun",,,,#186
100 Days My Prince,"Sep 10, 2018 - Oct 30, 2018",2018,tvN,"Monday, Tuesday",16,1 hr. 15 min.,15+ - Teens 15 or older,8.3,,"Historical, Comedy, Romance, Drama",,"Lee Jong Jae, Nam Sung Woo",,,,#187
"At a Distance, Spring Is Green","Jun 14, 2021 - Jul 20, 2021",2021,"iQiyi, KBS2, Viki","Monday, Tuesday",12, 1 hr. 3 min.,15+ - Teens 15 or older,8.3,,"Romance, Life, Youth",,Kim Jung Hyun,,,,#188
Lie After Lie,"Sep 4, 2020 - Oct 24, 2020",2020,Channel A,"Friday, Saturday",16,1 hr. 9 min.,15+ - Teens 15 or older,8.3,,"Thriller, Romance, Melodrama",,Kim Jung Kwon,,,,#189
The Sound of Magic,6-May-22,2022,Netflix,Friday,6,1 hr. 10 min.,15+ - Teens 15 or older,8.3,,"Music, Psychological, Drama, Fantasy",,Kim Seong Yoon,,,,#190
The Mysterious Class,"Nov 12, 2021 - Dec 31, 2021",2021,YouTube,Friday,8,20 min.,,8.3,,"Mystery, Horror, Youth, Supernatural",,Ha Han Me,,,,#191
Good Doctor,"Aug 5, 2013 - Oct 8, 2013",2013,KBS2,"Monday, Tuesday",20,1 hr. 5 min.,15+ - Teens 15 or older,8.3,,"Romance, Life, Drama, Medical",,"Kim Jin Woo, Ki Min Soo",,,,#192
"It's Okay, That's Friendship",5-Mar-21,2021,YouTube,Friday,1,20 min.,G - All Ages,8.3,,"Comedy, Life",,,,,,#193
Rookie Cops,"Jan 26, 2022 - Mar 16, 2022",2022,Hulu,Wednesday,16,60 min.,15+ - Teens 15 or older,8.3,,"Romance, Life, Youth, Drama ",,"Kim Byung Soo, Kim Jung Wook",,,,#194
True Beauty,"Dec 9, 2020 - Feb 4, 2021",2020,tvN,"Wednesday, Thursday",16,1 hr. 15 min.,15+ - Teens 15 or older,8.3,,"Comedy, Romance, Youth, Drama",,Kim Sang Hyub,,,,#195
Oh My Ghost,"Jul 3, 2015 - Aug 22, 2015",2015,tvN,"Friday, Saturday",16,60 min.,13+ - Teens 13 or older,8.3,,"Thriller, Comedy, Romance, Supernatural",,Yoo Je Won,,,,#196
God's Gift: 14 Days,"Mar 3, 2014 - Apr 22, 2014",2014,SBS,"Monday, Tuesday",16,1 hr. 5 min.,15+ - Teens 15 or older,8.3,,"Thriller, Mystery, Drama, Supernatural",,Lee Dong Hun,,,,#197
The Sound of Your Heart,"Nov 7, 2016 - Nov 28, 2016",2016,Naver TV Cast,"Monday, Thursday",20,15 min.,15+ - Teens 15 or older,8.3,,"Comedy, Life, Sitcom",,Ha Byung Hoon,,,,#198
The Veil,"Sep 17, 2021 - Oct 23, 2021",2021,MBC,"Friday, Saturday",12,1 hr. 10 min.,15+ - Teens 15 or older,8.3,,"Action, Thriller, Mystery, Crime",,Kim Sung Yong,,,,#199
Graceful Family,"Aug 21, 2019 - Oct 17, 2019",2019,MBN,"Wednesday, Thursday",16,1 hr. 20 min.,15+ - Teens 15 or older,8.3,,"Thriller, Mystery, Drama, Melodrama",,Han Cheol Soo,,,,#200
Gu Family Book,"Apr 8, 2013 - Jun 25, 2013",2013,MBC,"Monday, Tuesday",24,1 hr. 5 min.,15+ - Teens 15 or older,8.3,,"Action, Historical, Romance, Fantasy ",,"Shin Woo Cheol, Kim Jung Hyun",,,,#201
The Hymn of Death,"Nov 27, 2018 - Dec 4, 2018",2018,"Netflix, SBS","Monday, Tuesday",6,35 min.,15+ - Teens 15 or older,8.3,,"Music, Historical, Romance, Melodrama",,Park Soo Jin,,,,#202
Jumong,"May 15, 2006 - Mar 6, 2007",2006,MBC,"Monday, Tuesday",81,1 hr. 10 min.,15+ - Teens 15 or older,8.3,,"Adventure, Historical, Romance, Drama",,"Lee Joo Hwan, Kim Keun Hong",,,,#203
Vampire Prosecutor 2,"Sep 9, 2012 - Nov 18, 2012",2012,OCN,Sunday,11,1 hr. 5 min.,15+ - Teens 15 or older,8.3,,"Action, Mystery, Drama, Supernatural",,Yoo Seon Dong,,,,#204
Ugly Alert,"May 20, 2013 - Nov 29, 2013",2013,SBS,"Monday, Tuesday, Wednesday, Thursday, Friday",133,35 min.,15+ - Teens 15 or older,8.3,,"Business, Romance, Melodrama",,"Shin Yoon Sub, Min Yeon Hong",,,,#205
Misty,"Feb 2, 2018 - Mar 24, 2018",2018,jTBC,"Friday, Saturday",16,1 hr. 10 min.,15+ - Teens 15 or older,8.3,,"Thriller, Mystery, Romance, Melodrama",,Mo Wan Il,,,,#206
Voice 3: City of Accomplices,"May 11, 2019 - Jun 30, 2019",2019,OCN,"Saturday, Sunday",16,60 min.,15+ - Teens 15 or older,8.3,,"Thriller, Mystery, Psychological, Crime",,Nam Ki Hoon,,,,#207
Confession,"Mar 23, 2019 - May 12, 2019",2019,tvN,"Saturday, Sunday",16,60 min.,15+ - Teens 15 or older,8.3,,"Thriller, Mystery, Law, Drama",,"Kim Chul Gyu, Yoon Hyun Gi",,,,#208
Again My Life,"Apr 8, 2022 - May 28, 2022",2022,"SBS, ViuTV","Friday, Saturday",16,1 hr. 5 min.,15+ - Teens 15 or older,8.3,,"Mystery, Law, Drama, Fantasy",,"Han Cheol Soo, Kim Yong Min",,,,#209
Money Heist: Korea - Joint Economic Area - Part 1,24-Jun-22,2022,Netflix,Friday,6,1 hr. 10 min.,18+ Restricted (violence & profanity),8.3,,"Action, Thriller, Mystery, Crime",,Kim Hong Seon,,,,#210
Are You Human Too?,"Jun 4, 2018 - Aug 7, 2018",2018,KBS2,"Monday, Tuesday",36,35 min.,15+ - Teens 15 or older,8.3,,"Comedy, Romance, Sci-Fi, Fantasy",,Cha Young Hoon,,,,#211
Run On,"Dec 16, 2020 - Feb 4, 2021",2020,"jTBC, Netflix","Wednesday, Thursday",16,1 hr. 10 min.,15+ - Teens 15 or older,8.3,,"Romance, Life, Drama, Sports",,Lee Jae Hoon,,,,#212
The Smile Has Left Your Eyes,"Oct 3, 2018 - Nov 22, 2018",2018,tvN,"Thursday, Wednesday",16,1 hr. 4 min.,15+ - Teens 15 or older,8.3,,"Thriller, Mystery, Romance, Drama",,Yoo Je Won,,,,#213
Team Bulldog: Off-duty Investigation,"May 23, 2020 - Jun 28, 2020",2020,OCN,"Saturday, Sunday",12,1 hr. 10 min.,15+ - Teens 15 or older,8.3,,"Action, Mystery, Comedy, Drama",,Kang Hyo Jin,,,,#214
The Guardians,"May 22, 2017 - Jul 11, 2017",2017,MBC,"Monday, Tuesday",32,35 min.,15+ - Teens 15 or older,8.3,,"Action, Thriller, Mystery, Law, Crime",,"Song Hyung Suk, Park Seung Woo",,,,#215
Terius Behind Me,"Sep 27, 2018 - Nov 15, 2018",2018,MBC,"Wednesday, Thursday",32,35 min.,15+ - Teens 15 or older,8.3,,"Action, Mystery, Comedy, Romance",,"Park Sang Hoon, Park Sang Woo",,,,#216
Hyena,"Feb 21, 2020 - Apr 11, 2020",2020,"Netflix, SBS","Friday, Saturday",16,1 hr. 10 min.,15+ - Teens 15 or older,8.3,,"Mystery, Comedy, Law, Romance",,Jang Tae Yoo,,,,#217
Touch Your Heart,"Feb 6, 2019 - Mar 28, 2019",2019,tvN,"Wednesday, Thursday",16,1 hr. 10 min.,15+ - Teens 15 or older,8.3,,"Comedy, Law, Romance, Drama",,Park Joon Hwa,,,,#218
Angry Mom,"Mar 18, 2015 - May 7, 2015",2015,MBC,"Wednesday, Thursday",16,1 hr. 10 min.,15+ - Teens 15 or older,8.3,,"Comedy, Drama, Melodrama",,Ashbun,,,,#219
Welcome 2 Life,"Aug 5, 2019 - Sep 24, 2019",2019,MBC,"Monday, Tuesday",32,35 min.,15+ - Teens 15 or older,8.3,,"Comedy, Law, Romance, Fantasy",,"Kim Keun Hong, Shim So Yeon",,,,#220
Suspicious Partner,"May 10, 2017 - Jul 13, 2017",2017,SBS,"Wednesday, Thursday",40,30 min.,15+ - Teens 15 or older,8.3,,"Thriller, Comedy, Law, Romance",,Park Seon Ho,,,,#221
Mine,"May 8, 2021 - Jun 27, 2021",2021,"Netflix, tvN","Saturday, Sunday",16,1 hr. 10 min.,15+ - Teens 15 or older,8.3,,"Thriller, Mystery, Drama",,Lee Na Jung,,,,#222
When the Weather Is Fine,"Feb 24, 2020 - Apr 21, 2020",2020,"jTBC, Viki","Monday, Tuesday",16,60 min.,15+ - Teens 15 or older,8.3,,"Romance, Life, Drama, Melodrama",,Han Ji Seung,,,,#223
Lawless Lawyer,"May 12, 2018 - Jul 1, 2018",2018,tvN,"Saturday, Sunday",16,1 hr. 6 min.,15+ - Teens 15 or older,8.3,,"Action, Thriller, Law, Romance",,Kim Jin Min,,,,#224
Crazy Love,"Mar 7, 2022 - Apr 26, 2022",2022,KBS2,"Monday, Tuesday",16,1 hr. 5 min.,15+ - Teens 15 or older,8.3,,"Comedy, Romance, Drama",,Kim Jung Hyun,,,,#225
WATCHER,"Jul 6, 2019 - Aug 25, 2019",2019,OCN,"Saturday, Sunday",16,1 hr. 5 min.,15+ - Teens 15 or older,8.3,,"Thriller, Mystery, Drama, Political",,Ahn Gil Ho,,,,#226
Five Enough,"Feb 20, 2016 - Aug 21, 2016",2016,KBS2,"Saturday, Sunday",54,1 hr. 10 min.,15+ - Teens 15 or older,8.3,,"Comedy, Romance, Drama, Melodrama",,Kim Jung Gyu,,,,#227
Amanza,"Sep 1, 2020 - Nov 3, 2020",2020,Daum Kakao TV,Tuesday,10,15 min.,15+ - Teens 15 or older,8.3,,"Adventure, Life, Fantasy, Melodrama",,Han Ji Won,,,,#228
Light on Me,"Jun 29, 2021 - Aug 19, 2021",2021,Viki,"Tuesday, Thursday",16,24 min.,13+ - Teens 13 or older,8.3,,"Romance, Youth, Drama",,Lee Yoo Yeon,,,,#229
Bulgasal: Immortal Souls,"Dec 18, 2021 - Feb 6, 2022",2021,"Netflix, tvN","Saturday, Sunday",16,1 hr. 15 min.,15+ - Teens 15 or older,8.3,,"Thriller, Mystery, Drama, Fantasy",,Jang Young Woo,,,,#230
Liar Game,"Oct 20, 2014 - Nov 25, 2014",2014,tvN,"Monday, Tuesday",12,1 hr. 3 min.,,8.3,,"Thriller, Mystery, Psychological, Drama",,Kim Hong Seon,,,,#231
Tree With Deep Roots,"Oct 5, 2011 - Dec 22, 2011",2011,SBS,"Wednesday, Thursday",24,1 hr. 9 min.,15+ - Teens 15 or older,8.3,,"Historical, Mystery, Political",,"Jang Tae Yoo, Shin Kyung Soo",,,,#232
49 Days,"Mar 16, 2011 - May 19, 2011",2011,SBS,"Wednesday, Thursday",20,1 hr. 10 min.,15+ - Teens 15 or older,8.3,,"Romance, Drama, Melodrama, Supernatural",,"Jo Young Kwang, Park Yong Soon",,,,#233
D-Day,"Sep 18, 2015 - Nov 21, 2015",2015,jTBC,"Friday, Saturday",20,1 hr. 5 min.,15+ - Teens 15 or older,8.3,,"Romance, Drama, Medical",,Jang Yong Woo,,,,#234
Awaken,"Nov 30, 2020 - Jan 19, 2021",2020,tvN,"Monday, Tuesday",16,1 hr. 10 min.,15+ - Teens 15 or older,8.3,,"Thriller, Mystery, Crime, Fantasy",,"Jo Soo Won, Lee Soo Hyun",,,,#235
Oh My Venus,"Nov 16, 2015 - Jan 5, 2016",2015,KBS2,"Monday, Tuesday",16,60 min.,13+ - Teens 13 or older,8.3,,"Comedy, Law, Romance, Life",,"Kim Hyoung Seok, Lee Na Jung",,,,#236
Leverage,"Oct 13, 2019 - Dec 8, 2019",2019,TV Chosun,Sunday,16,60 min.,15+ - Teens 15 or older,8.3,,"Action, Mystery, Comedy, Crime",,Nam Ki Hoon,,,,#237
The King's Affection,"Oct 11, 2021 - Dec 14, 2021",2021,"KBS2, Netflix","Monday, Tuesday",20,1 hr. 10 min.,15+ - Teens 15 or older,8.3,,"Historical, Romance, Drama",,"Song Hyun Wook, Lee Hyun Suk",,,,#238
A Gentleman's Dignity,"May 26, 2012 - Aug 12, 2012",2012,SBS,"Saturday, Sunday",20,1 hr. 5 min.,15+ - Teens 15 or older,8.3,,"Comedy, Romance, Drama, Melodrama",,"Kwon Hyuk Chan, Shin Woo Cheol, Kim Jung Hyun",,,,#239
Rookie Historian Goo Hae Ryung,"Jul 17, 2019 - Sep 26, 2019",2019,"MBC, Netflix","Wednesday, Thursday",40,35 min.,15+ - Teens 15 or older,8.3,,"Historical, Comedy, Romance, Drama",,"Kang Il Soo, Han Hyun Hee",,,,#240
Coffee Prince,"Jul 2, 2007 - Aug 28, 2007",2007,MBC,"Monday, Tuesday",17,60 min.,15+ - Teens 15 or older,8.3,,"Food, Comedy, Romance, Drama",,Lee Yoon Jung,,,,#241
Ghost,"May 30, 2012 - Aug 9, 2012",2012,SBS,"Wednesday, Thursday",20,1 hr. 5 min.,15+ - Teens 15 or older,8.3,,"Thriller, Mystery",,"Kim Hyung Shik, Park Shin Woo",,,,#242
Love Playlist: Season 4,"Jun 19, 2019 - Aug 10, 2019",2019,"Naver TV Cast, vLive","Wednesday, Saturday",16,20 min.,15+ - Teens 15 or older,8.3,,"Romance, Life, Youth, Drama",,Yoo Hee Woon,,,,#243
God's Quiz: Reboot,"Nov 14, 2018 - Jan 10, 2019",2018,OCN,"Wednesday, Thursday",16,1 hr. 5 min.,15+ - Teens 15 or older,8.3,,"Mystery, Medical",,Kim Jong Hyeok,,,,#244
Missing Noir M,"Mar 28, 2015 - May 30, 2015",2015,OCN,Saturday,10,1 hr. 10 min.,15+ - Teens 15 or older,8.3,,"Thriller, Mystery, Drama",,Lee Seung Young,,,,#245
Live Up to Your Name,"Aug 12, 2017 - Oct 1, 2017",2017,tvN,"Saturday, Sunday",16,1 hr. 10 min.,15+ - Teens 15 or older,8.3,,"Historical, Romance, Medical, Fantasy",,Hong Jong Chan,,,,#246
Queen for Seven Days,"May 31, 2017 - Aug 3, 2017",2017,KBS2,"Wednesday, Thursday",20,60 min.,15+ - Teens 15 or older,8.3,,"Historical, Romance, Melodrama, Political",,Lee Jung Sub,,,,#247
Memory,"Mar 18, 2016 - May 7, 2016",2016,tvN,"Friday, Saturday",16,1 hr. 5 min.,15+ - Teens 15 or older,8.3,,"Law, Romance, Life, Drama",,Park Chan Hong,,,,#248
A Korean Odyssey,"Dec 23, 2017 - Mar 4, 2018",2017,"Netflix, tvN","Saturday, Sunday",20,1 hr. 20 min.,15+ - Teens 15 or older,8.3,,"Horror, Comedy, Romance, Fantasy",,"Park Hong Kyun, Kim Jung Hyun, Kim Byung Soo",,,,#249
Voice 4: Judgment Hour,"Jun 18, 2021 - Jul 31, 2021",2021,tvN,"Friday, Saturday",14,1 hr. 3 min.,15+ - Teens 15 or older,8.3,,"Action, Thriller, Mystery, Crime",,"Shin Yong Hwi, Yoon Ra Young",,,,#250
